{
  "name": "slow-healing-long-rest-spell-points",
  "title": "Slow Natural Healing & Spell Points for 5e",
  "description": "Adds the \"Slow Natural Healing\" rules to the dnd5e system. Rather than healing to full hit points, actors now have the option to spend hit dice on a long rest. In addition, the character regains only a portion of their spell slots.",
  "systems": [
    "dnd5e"
  ],
  "version": "0.4.2",
  "author": "Wasp (Wasp#2005)",
  "esmodules": [
  	"settings.js",
    "alternate-long-rest.js"
  ],
  "minimumCoreVersion": "0.7.7",
  "compatibleCoreVersion": "0.7.7",
  "url": "https://github.com/Haxxer/FoundryVTT-SlowHealingLongRestSpellPoints",
  "manifest": "https://raw.githubusercontent.com/Haxxer/FoundryVTT-SlowHealingLongRestSpellPoints/master/slow-healing-long-rest-spell-points/module.json",
  "download": "https://github.com/Haxxer/FoundryVTT-SlowHealingLongRestSpellPoints/raw/master/slow-healing-long-rest-spell-points.zip"
}
